province,effectiveincometax,income,rankatincome
Yukon,2.89,10000,13
Yukon,4.61,11000,13
Yukon,6.32,12000,8
Yukon,8.01,13000,8
Yukon,9.45,14000,8
Yukon,10.7,15000,8
Yukon,11.8,16000,8
Yukon,12.77,17000,9
Yukon,13.63,18000,7
Yukon,14.4,19000,7
Yukon,15.09,20000,7
Yukon,15.71,21000,8
Yukon,16.28,22000,9
Yukon,16.8,23000,9
Yukon,17.28,24000,9
Yukon,17.71,25000,9
Yukon,18.12,26000,9
Yukon,18.49,27000,9
Yukon,18.84,28000,9
Yukon,19.17,29000,9
Yukon,19.47,30000,9
Yukon,19.75,31000,10
Yukon,20.02,32000,10
Yukon,20.26,33000,10
Yukon,20.5,34000,10
Yukon,20.72,35000,10
Yukon,20.93,36000,10
Yukon,21.13,37000,10
Yukon,21.31,38000,10
Yukon,21.49,39000,10
Yukon,21.65,40000,10
Yukon,21.82,41000,10
Yukon,21.97,42000,10
Yukon,22.11,43000,10
Yukon,22.25,44000,10
Yukon,22.39,45000,10
Yukon,22.64,46000,10
Yukon,22.93,47000,10
Yukon,23.21,48000,10
Yukon,23.48,49000,10
Yukon,23.74,50000,10
Yukon,23.97,51000,10
Yukon,24.17,52000,10
Yukon,24.37,53000,10
Yukon,24.56,54000,10
Yukon,24.72,55000,10
Yukon,24.82,56000,10
Yukon,24.9,57000,10
Yukon,24.97,58000,10
Yukon,25.05,59000,10
Yukon,25.12,60000,10
Yukon,25.46,65000,10
Yukon,25.75,70000,10
Yukon,26,75000,10
Yukon,26.22,80000,10
Yukon,26.41,85000,10
Yukon,26.59,90000,10
Yukon,27.09,95000,10
Yukon,27.58,100000,11
Yukon,28.02,105000,11
Yukon,28.42,110000,12
Yukon,28.79,115000,12
Yukon,29.13,120000,12
Yukon,29.44,125000,12
Yukon,29.73,130000,12
Yukon,29.99,135000,12
Yukon,30.24,140000,12
Yukon,30.63,145000,12
Yukon,31,150000,12
Yukon,31.35,155000,12
Yukon,31.67,160000,12
Yukon,31.98,165000,12
Yukon,32.26,170000,12
Yukon,32.54,175000,12
Yukon,32.8,180000,12
Yukon,33.04,185000,12
Yukon,33.27,190000,12
Yukon,33.49,195000,12
Yukon,33.7,200000,12
Yukon,34,205000,12
Yukon,34.27,210000,12
Yukon,34.54,215000,12
Yukon,34.8,220000,12
Yukon,35.04,225000,12
Yukon,35.28,230000,12
Yukon,35.5,235000,12
Yukon,35.72,240000,12
Yukon,35.92,245000,12
Yukon,36.12,250000,12
Yukon,36.31,255000,12
Yukon,36.49,260000,12
Yukon,36.66,265000,12
Yukon,36.84,270000,12
Yukon,37,275000,12
Yukon,37.16,280000,12
Yukon,37.31,285000,12
Yukon,37.46,290000,12
Yukon,37.59,295000,12
Yukon,37.73,300000,12
Yukon,37.86,305000,12
Yukon,37.99,310000,12
Yukon,38.12,315000,12
Yukon,38.23,320000,12
Yukon,38.35,325000,12
Yukon,38.46,330000,12
Yukon,38.58,335000,12
Yukon,38.68,340000,12
Yukon,38.78,345000,12
Yukon,38.88,350000,12
Yukon,38.99,355000,12
Yukon,39.08,360000,12
Yukon,39.16,365000,12
Yukon,39.26,370000,12
Yukon,39.35,375000,12
Yukon,39.43,380000,12
Yukon,39.51,385000,12
Yukon,39.59,390000,12
Yukon,39.68,395000,12
Yukon,39.75,400000,12
Yukon,39.82,405000,12
Yukon,39.89,410000,12
Yukon,39.97,415000,12
Yukon,40.04,420000,12
Yukon,40.11,425000,12
Yukon,40.17,430000,12
Yukon,40.23,435000,12
Yukon,40.3,440000,12
Yukon,40.36,445000,12
Yukon,40.42,450000,12
Yukon,40.48,455000,12
Yukon,40.54,460000,12
Yukon,40.6,465000,12
Yukon,40.65,470000,12
Yukon,40.7,475000,12
Yukon,40.76,480000,12
Yukon,40.81,485000,12
Yukon,40.86,490000,12
Yukon,40.91,495000,12
Yukon,40.96,500000,12
Saskatchewan,2.89,10000,12
Saskatchewan,4.61,11000,12
Saskatchewan,6.04,12000,12
Saskatchewan,7.26,13000,12
Saskatchewan,8.3,14000,12
Saskatchewan,9.2,15000,13
Saskatchewan,10.1,16000,12
Saskatchewan,11.44,17000,12
Saskatchewan,12.63,18000,10
Saskatchewan,13.69,19000,10
Saskatchewan,14.65,20000,10
Saskatchewan,15.51,21000,9
Saskatchewan,16.3,22000,8
Saskatchewan,17.01,23000,8
Saskatchewan,17.68,24000,8
Saskatchewan,18.28,25000,8
Saskatchewan,18.84,26000,7
Saskatchewan,19.36,27000,7
Saskatchewan,19.84,28000,7
Saskatchewan,20.29,29000,7
Saskatchewan,20.71,30000,7
Saskatchewan,21.1,31000,7
Saskatchewan,21.46,32000,7
Saskatchewan,21.81,33000,6
Saskatchewan,22.13,34000,6
Saskatchewan,22.44,35000,6
Saskatchewan,22.73,36000,6
Saskatchewan,23,37000,6
Saskatchewan,23.25,38000,6
Saskatchewan,23.5,39000,6
Saskatchewan,23.73,40000,6
Saskatchewan,23.96,41000,6
Saskatchewan,24.17,42000,7
Saskatchewan,24.37,43000,7
Saskatchewan,24.56,44000,7
Saskatchewan,24.76,45000,7
Saskatchewan,25.07,46000,7
Saskatchewan,25.39,47000,7
Saskatchewan,25.7,48000,7
Saskatchewan,26,49000,7
Saskatchewan,26.29,50000,7
Saskatchewan,26.55,51000,7
Saskatchewan,26.78,52000,7
Saskatchewan,27.01,53000,7
Saskatchewan,27.22,54000,7
Saskatchewan,27.41,55000,6
Saskatchewan,27.53,56000,6
Saskatchewan,27.63,57000,6
Saskatchewan,27.73,58000,6
Saskatchewan,27.82,59000,6
Saskatchewan,27.92,60000,6
Saskatchewan,28.35,65000,6
Saskatchewan,28.72,70000,6
Saskatchewan,29.04,75000,6
Saskatchewan,29.32,80000,6
Saskatchewan,29.56,85000,6
Saskatchewan,29.78,90000,6
Saskatchewan,30.24,95000,6
Saskatchewan,30.68,100000,7
Saskatchewan,31.07,105000,7
Saskatchewan,31.42,110000,7
Saskatchewan,31.76,115000,7
Saskatchewan,32.06,120000,7
Saskatchewan,32.34,125000,7
Saskatchewan,32.63,130000,7
Saskatchewan,32.94,135000,7
Saskatchewan,33.23,140000,7
Saskatchewan,33.6,145000,6
Saskatchewan,33.94,150000,6
Saskatchewan,34.27,155000,6
Saskatchewan,34.57,160000,6
Saskatchewan,34.86,165000,6
Saskatchewan,35.12,170000,6
Saskatchewan,35.38,175000,6
Saskatchewan,35.62,180000,6
Saskatchewan,35.85,185000,6
Saskatchewan,36.06,190000,6
Saskatchewan,36.26,195000,6
Saskatchewan,36.46,200000,6
Saskatchewan,36.74,205000,6
Saskatchewan,37,210000,6
Saskatchewan,37.26,215000,6
Saskatchewan,37.5,220000,6
Saskatchewan,37.74,225000,6
Saskatchewan,37.97,230000,6
Saskatchewan,38.17,235000,6
Saskatchewan,38.38,240000,6
Saskatchewan,38.57,245000,7
Saskatchewan,38.77,250000,6
Saskatchewan,38.95,255000,7
Saskatchewan,39.12,260000,7
Saskatchewan,39.28,265000,7
Saskatchewan,39.45,270000,7
Saskatchewan,39.61,275000,7
Saskatchewan,39.76,280000,7
Saskatchewan,39.9,285000,7
Saskatchewan,40.04,290000,7
Saskatchewan,40.17,295000,7
Saskatchewan,40.3,300000,7
Saskatchewan,40.43,305000,7
Saskatchewan,40.55,310000,7
Saskatchewan,40.67,315000,7
Saskatchewan,40.78,320000,7
Saskatchewan,40.9,325000,7
Saskatchewan,41,330000,7
Saskatchewan,41.11,335000,7
Saskatchewan,41.21,340000,7
Saskatchewan,41.31,345000,7
Saskatchewan,41.4,350000,7
Saskatchewan,41.5,355000,7
Saskatchewan,41.59,360000,7
Saskatchewan,41.67,365000,7
Saskatchewan,41.76,370000,7
Saskatchewan,41.85,375000,7
Saskatchewan,41.93,380000,7
Saskatchewan,42,385000,7
Saskatchewan,42.08,390000,7
Saskatchewan,42.16,395000,7
Saskatchewan,42.22,400000,7
Saskatchewan,42.3,405000,7
Saskatchewan,42.37,410000,7
Saskatchewan,42.44,415000,7
Saskatchewan,42.51,420000,7
Saskatchewan,42.57,425000,7
Saskatchewan,42.63,430000,7
Saskatchewan,42.69,435000,7
Saskatchewan,42.75,440000,7
Saskatchewan,42.82,445000,7
Saskatchewan,42.87,450000,7
Saskatchewan,42.92,455000,7
Saskatchewan,42.98,460000,7
Saskatchewan,43.04,465000,7
Saskatchewan,43.09,470000,7
Saskatchewan,43.14,475000,7
Saskatchewan,43.19,480000,7
Saskatchewan,43.24,485000,7
Saskatchewan,43.29,490000,7
Saskatchewan,43.33,495000,7
Saskatchewan,43.38,500000,7
Quebec,3.14,10000,5
Quebec,4.61,11000,11
Quebec,5.84,12000,13
Quebec,6.88,13000,13
Quebec,7.82,14000,13
Quebec,9.7,15000,10
Quebec,11.33,16000,9
Quebec,12.78,17000,6
Quebec,14.06,18000,6
Quebec,15.33,19000,6
Quebec,16.5,20000,6
Quebec,17.43,21000,5
Quebec,18.27,22000,5
Quebec,19.03,23000,5
Quebec,19.74,24000,3
Quebec,20.39,25000,3
Quebec,20.99,26000,3
Quebec,21.54,27000,3
Quebec,22.05,28000,3
Quebec,22.52,29000,2
Quebec,22.97,30000,2
Quebec,23.39,31000,1
Quebec,23.79,32000,1
Quebec,24.15,33000,1
Quebec,24.5,34000,1
Quebec,24.82,35000,1
Quebec,25.13,36000,1
Quebec,25.42,37000,1
Quebec,25.7,38000,1
Quebec,25.96,39000,1
Quebec,26.21,40000,1
Quebec,26.45,41000,1
Quebec,26.75,42000,1
Quebec,27.14,43000,1
Quebec,27.52,44000,1
Quebec,27.8,45000,1
Quebec,28.13,46000,1
Quebec,28.48,47000,1
Quebec,28.82,48000,1
Quebec,29.14,49000,1
Quebec,29.45,50000,1
Quebec,29.74,51000,1
Quebec,29.99,52000,1
Quebec,30.23,53000,1
Quebec,30.46,54000,1
Quebec,30.68,55000,1
Quebec,30.81,56000,1
Quebec,30.93,57000,1
Quebec,31.04,58000,1
Quebec,31.16,59000,1
Quebec,31.27,60000,1
Quebec,31.76,65000,1
Quebec,32.19,70000,1
Quebec,32.52,75000,1
Quebec,32.81,80000,1
Quebec,33.07,85000,1
Quebec,33.52,90000,1
Quebec,34.13,95000,1
Quebec,34.71,100000,1
Quebec,35.27,105000,1
Quebec,35.82,110000,1
Quebec,36.33,115000,1
Quebec,36.79,120000,1
Quebec,37.22,125000,1
Quebec,37.61,130000,1
Quebec,38,135000,1
Quebec,38.48,140000,1
Quebec,39.02,145000,1
Quebec,39.51,150000,1
Quebec,39.97,155000,1
Quebec,40.28,160000,1
Quebec,40.58,165000,1
Quebec,40.86,170000,1
Quebec,41.11,175000,1
Quebec,41.36,180000,1
Quebec,41.59,185000,1
Quebec,41.81,190000,1
Quebec,42.01,195000,1
Quebec,42.21,200000,1
Quebec,42.49,205000,1
Quebec,42.75,210000,1
Quebec,42.99,215000,1
Quebec,43.23,220000,1
Quebec,43.45,225000,1
Quebec,43.66,230000,1
Quebec,43.87,235000,1
Quebec,44.07,240000,1
Quebec,44.25,245000,1
Quebec,44.44,250000,1
Quebec,44.61,255000,1
Quebec,44.78,260000,1
Quebec,44.93,265000,1
Quebec,45.1,270000,1
Quebec,45.24,275000,1
Quebec,45.39,280000,1
Quebec,45.53,285000,1
Quebec,45.66,290000,1
Quebec,45.79,295000,1
Quebec,45.92,300000,1
Quebec,46.04,305000,1
Quebec,46.15,310000,1
Quebec,46.27,315000,1
Quebec,46.38,320000,1
Quebec,46.49,325000,1
Quebec,46.58,330000,1
Quebec,46.69,335000,1
Quebec,46.78,340000,1
Quebec,46.88,345000,1
Quebec,46.97,350000,1
Quebec,47.06,355000,1
Quebec,47.15,360000,1
Quebec,47.23,365000,1
Quebec,47.31,370000,1
Quebec,47.39,375000,1
Quebec,47.47,380000,1
Quebec,47.54,385000,1
Quebec,47.62,390000,1
Quebec,47.69,395000,1
Quebec,47.76,400000,1
Quebec,47.83,405000,1
Quebec,47.9,410000,1
Quebec,47.96,415000,1
Quebec,48.03,420000,1
Quebec,48.09,425000,1
Quebec,48.14,430000,1
Quebec,48.2,435000,1
Quebec,48.26,440000,1
Quebec,48.32,445000,1
Quebec,48.37,450000,1
Quebec,48.43,455000,1
Quebec,48.48,460000,1
Quebec,48.54,465000,1
Quebec,48.59,470000,1
Quebec,48.64,475000,1
Quebec,48.68,480000,1
Quebec,48.73,485000,1
Quebec,48.78,490000,1
Quebec,48.82,495000,1
Quebec,48.87,500000,1
Prince Edward Island,5.14,10000,1
Prince Edward Island,7.54,11000,1
Prince Edward Island,9.55,12000,1
Prince Edward Island,11.25,13000,1
Prince Edward Island,12.7,14000,1
Prince Edward Island,13.96,15000,1
Prince Edward Island,15.07,16000,1
Prince Edward Island,16.05,17000,1
Prince Edward Island,16.91,18000,1
Prince Edward Island,17.68,19000,1
Prince Edward Island,18.38,20000,1
Prince Edward Island,19.01,21000,1
Prince Edward Island,19.59,22000,1
Prince Edward Island,20.11,23000,1
Prince Edward Island,20.59,24000,2
Prince Edward Island,21.03,25000,2
Prince Edward Island,21.43,26000,2
Prince Edward Island,21.81,27000,2
Prince Edward Island,22.16,28000,2
Prince Edward Island,22.5,29000,3
Prince Edward Island,22.8,30000,3
Prince Edward Island,23.08,31000,3
Prince Edward Island,23.35,32000,3
Prince Edward Island,23.72,33000,3
Prince Edward Island,24.08,34000,3
Prince Edward Island,24.41,35000,3
Prince Edward Island,24.72,36000,3
Prince Edward Island,25.01,37000,3
Prince Edward Island,25.29,38000,3
Prince Edward Island,25.55,39000,3
Prince Edward Island,25.8,40000,3
Prince Edward Island,26.05,41000,3
Prince Edward Island,26.28,42000,3
Prince Edward Island,26.49,43000,2
Prince Edward Island,26.7,44000,2
Prince Edward Island,26.9,45000,2
Prince Edward Island,27.18,46000,2
Prince Edward Island,27.47,47000,3
Prince Edward Island,27.75,48000,3
Prince Edward Island,28.03,49000,3
Prince Edward Island,28.29,50000,3
Prince Edward Island,28.53,51000,3
Prince Edward Island,28.74,52000,3
Prince Edward Island,28.94,53000,3
Prince Edward Island,29.13,54000,3
Prince Edward Island,29.3,55000,3
Prince Edward Island,29.4,56000,3
Prince Edward Island,29.48,57000,3
Prince Edward Island,29.56,58000,3
Prince Edward Island,29.64,59000,3
Prince Edward Island,29.72,60000,3
Prince Edward Island,30.12,65000,3
Prince Edward Island,30.62,70000,3
Prince Edward Island,31.06,75000,3
Prince Edward Island,31.45,80000,3
Prince Edward Island,31.78,85000,3
Prince Edward Island,32.09,90000,3
Prince Edward Island,32.62,95000,3
Prince Edward Island,33.12,100000,3
Prince Edward Island,33.58,105000,3
Prince Edward Island,33.98,110000,3
Prince Edward Island,34.37,115000,3
Prince Edward Island,34.72,120000,4
Prince Edward Island,35.04,125000,4
Prince Edward Island,35.33,130000,4
Prince Edward Island,35.6,135000,4
Prince Edward Island,35.85,140000,4
Prince Edward Island,36.19,145000,4
Prince Edward Island,36.51,150000,4
Prince Edward Island,36.8,155000,4
Prince Edward Island,37.08,160000,4
Prince Edward Island,37.34,165000,5
Prince Edward Island,37.58,170000,5
Prince Edward Island,37.82,175000,5
Prince Edward Island,38.04,180000,5
Prince Edward Island,38.25,185000,5
Prince Edward Island,38.44,190000,5
Prince Edward Island,38.63,195000,5
Prince Edward Island,38.81,200000,5
Prince Edward Island,39.07,205000,5
Prince Edward Island,39.32,210000,5
Prince Edward Island,39.56,215000,5
Prince Edward Island,39.79,220000,5
Prince Edward Island,40.01,225000,5
Prince Edward Island,40.23,230000,5
Prince Edward Island,40.42,235000,5
Prince Edward Island,40.62,240000,5
Prince Edward Island,40.8,245000,5
Prince Edward Island,40.98,250000,5
Prince Edward Island,41.15,255000,5
Prince Edward Island,41.31,260000,5
Prince Edward Island,41.47,265000,5
Prince Edward Island,41.63,270000,5
Prince Edward Island,41.78,275000,5
Prince Edward Island,41.92,280000,5
Prince Edward Island,42.06,285000,5
Prince Edward Island,42.19,290000,5
Prince Edward Island,42.31,295000,5
Prince Edward Island,42.43,300000,5
Prince Edward Island,42.55,305000,5
Prince Edward Island,42.67,310000,5
Prince Edward Island,42.79,315000,5
Prince Edward Island,42.88,320000,5
Prince Edward Island,42.99,325000,5
Prince Edward Island,43.09,330000,5
Prince Edward Island,43.2,335000,5
Prince Edward Island,43.29,340000,5
Prince Edward Island,43.38,345000,5
Prince Edward Island,43.47,350000,5
Prince Edward Island,43.56,355000,5
Prince Edward Island,43.65,360000,5
Prince Edward Island,43.72,365000,5
Prince Edward Island,43.81,370000,5
Prince Edward Island,43.89,375000,5
Prince Edward Island,43.97,380000,5
Prince Edward Island,44.04,385000,5
Prince Edward Island,44.11,390000,5
Prince Edward Island,44.19,395000,5
Prince Edward Island,44.25,400000,5
Prince Edward Island,44.32,405000,5
Prince Edward Island,44.38,410000,5
Prince Edward Island,44.45,415000,5
Prince Edward Island,44.51,420000,5
Prince Edward Island,44.57,425000,5
Prince Edward Island,44.64,430000,5
Prince Edward Island,44.69,435000,5
Prince Edward Island,44.75,440000,5
Prince Edward Island,44.81,445000,5
Prince Edward Island,44.86,450000,5
Prince Edward Island,44.91,455000,5
Prince Edward Island,44.96,460000,5
Prince Edward Island,45.01,465000,5
Prince Edward Island,45.06,470000,5
Prince Edward Island,45.11,475000,5
Prince Edward Island,45.16,480000,5
Prince Edward Island,45.21,485000,5
Prince Edward Island,45.26,490000,5
Prince Edward Island,45.29,495000,5
Prince Edward Island,45.34,500000,5
Ontario,2.89,10000,11
Ontario,5.06,11000,7
Ontario,6.88,12000,6
Ontario,8.42,13000,7
Ontario,9.74,14000,7
Ontario,10.88,15000,7
Ontario,11.88,16000,7
Ontario,12.77,17000,8
Ontario,13.55,18000,9
Ontario,14.25,19000,9
Ontario,14.88,20000,9
Ontario,15.74,21000,7
Ontario,16.52,22000,7
Ontario,17.22,23000,7
Ontario,17.88,24000,7
Ontario,18.48,25000,7
Ontario,18.8,26000,8
Ontario,19.1,27000,8
Ontario,19.38,28000,8
Ontario,19.64,29000,8
Ontario,19.88,30000,8
Ontario,20.11,31000,8
Ontario,20.32,32000,8
Ontario,20.52,33000,8
Ontario,20.71,34000,9
Ontario,20.88,35000,9
Ontario,21.05,36000,9
Ontario,21.37,37000,9
Ontario,21.66,38000,9
Ontario,21.88,39000,9
Ontario,22,40000,9
Ontario,22.12,41000,9
Ontario,22.28,42000,9
Ontario,22.48,43000,9
Ontario,22.67,44000,9
Ontario,22.86,45000,9
Ontario,23.13,46000,9
Ontario,23.41,47000,9
Ontario,23.68,48000,9
Ontario,24.25,49000,9
Ontario,24.49,50000,9
Ontario,24.72,51000,9
Ontario,24.91,52000,9
Ontario,25.1,53000,9
Ontario,25.27,54000,9
Ontario,25.43,55000,9
Ontario,25.51,56000,9
Ontario,25.58,57000,9
Ontario,25.65,58000,9
Ontario,25.71,59000,9
Ontario,25.78,60000,9
Ontario,26.08,65000,9
Ontario,26.33,70000,9
Ontario,26.76,75000,9
Ontario,26.94,80000,9
Ontario,27.14,85000,9
Ontario,27.39,90000,9
Ontario,27.88,95000,9
Ontario,28.34,100000,9
Ontario,28.76,105000,9
Ontario,29.14,110000,9
Ontario,29.49,115000,8
Ontario,29.81,120000,8
Ontario,30.11,125000,8
Ontario,30.37,130000,8
Ontario,30.62,135000,9
Ontario,30.86,140000,9
Ontario,31.17,145000,10
Ontario,31.47,150000,11
Ontario,31.78,155000,11
Ontario,32.08,160000,11
Ontario,32.35,165000,11
Ontario,32.61,170000,11
Ontario,32.86,175000,11
Ontario,33.09,180000,11
Ontario,33.31,185000,11
Ontario,33.51,190000,11
Ontario,33.71,195000,11
Ontario,33.9,200000,11
Ontario,34.25,205000,11
Ontario,34.5,210000,11
Ontario,34.75,215000,11
Ontario,34.98,220000,11
Ontario,35.23,225000,11
Ontario,35.48,230000,11
Ontario,35.7,235000,11
Ontario,35.92,240000,11
Ontario,36.12,245000,11
Ontario,36.33,250000,11
Ontario,36.52,255000,11
Ontario,36.7,260000,11
Ontario,36.88,265000,11
Ontario,37.06,270000,11
Ontario,37.22,275000,11
Ontario,37.38,280000,11
Ontario,37.54,285000,11
Ontario,37.69,290000,11
Ontario,37.83,295000,11
Ontario,37.96,300000,11
Ontario,38.1,305000,11
Ontario,38.23,310000,11
Ontario,38.36,315000,11
Ontario,38.47,320000,11
Ontario,38.6,325000,11
Ontario,38.71,330000,11
Ontario,38.83,335000,11
Ontario,38.93,340000,11
Ontario,39.03,345000,11
Ontario,39.13,350000,11
Ontario,39.24,355000,11
Ontario,39.33,360000,11
Ontario,39.42,365000,11
Ontario,39.52,370000,11
Ontario,39.61,375000,11
Ontario,39.69,380000,11
Ontario,39.78,385000,11
Ontario,39.86,390000,11
Ontario,39.94,395000,11
Ontario,40.01,400000,11
Ontario,40.09,405000,11
Ontario,40.16,410000,11
Ontario,40.24,415000,11
Ontario,40.31,420000,11
Ontario,40.38,425000,11
Ontario,40.45,430000,11
Ontario,40.5,435000,11
Ontario,40.57,440000,11
Ontario,40.64,445000,11
Ontario,40.7,450000,11
Ontario,40.75,455000,11
Ontario,40.82,460000,11
Ontario,40.87,465000,11
Ontario,40.93,470000,11
Ontario,40.98,475000,11
Ontario,41.04,480000,11
Ontario,41.09,485000,11
Ontario,41.15,490000,11
Ontario,41.19,495000,11
Ontario,41.24,500000,11
Nunavut,2.89,10000,10
Nunavut,4.61,11000,10
Nunavut,6.04,12000,11
Nunavut,7.28,13000,9
Nunavut,8.6,14000,9
Nunavut,9.75,15000,9
Nunavut,10.75,16000,10
Nunavut,11.64,17000,11
Nunavut,12.43,18000,12
Nunavut,13.13,19000,12
Nunavut,13.77,20000,12
Nunavut,14.34,21000,12
Nunavut,14.87,22000,12
Nunavut,15.34,23000,13
Nunavut,15.78,24000,13
Nunavut,16.18,25000,13
Nunavut,16.55,26000,13
Nunavut,16.89,27000,13
Nunavut,17.21,28000,13
Nunavut,17.51,29000,13
Nunavut,17.79,30000,13
Nunavut,18.05,31000,13
Nunavut,18.29,32000,13
Nunavut,18.52,33000,13
Nunavut,18.74,34000,13
Nunavut,18.94,35000,13
Nunavut,19.13,36000,13
Nunavut,19.31,37000,13
Nunavut,19.48,38000,13
Nunavut,19.64,39000,13
Nunavut,19.8,40000,13
Nunavut,19.95,41000,13
Nunavut,20.09,42000,13
Nunavut,20.22,43000,13
Nunavut,20.4,44000,13
Nunavut,20.59,45000,13
Nunavut,20.86,46000,13
Nunavut,21.14,47000,13
Nunavut,21.41,48000,13
Nunavut,21.68,49000,13
Nunavut,21.93,50000,13
Nunavut,22.16,51000,13
Nunavut,22.36,52000,13
Nunavut,22.56,53000,13
Nunavut,22.74,54000,13
Nunavut,22.9,55000,13
Nunavut,22.99,56000,13
Nunavut,23.07,57000,13
Nunavut,23.14,58000,13
Nunavut,23.22,59000,13
Nunavut,23.29,60000,13
Nunavut,23.61,65000,13
Nunavut,23.89,70000,13
Nunavut,24.13,75000,13
Nunavut,24.34,80000,13
Nunavut,24.53,85000,13
Nunavut,24.78,90000,13
Nunavut,25.28,95000,13
Nunavut,25.77,100000,13
Nunavut,26.21,105000,13
Nunavut,26.6,110000,13
Nunavut,26.97,115000,13
Nunavut,27.31,120000,13
Nunavut,27.62,125000,13
Nunavut,27.9,130000,13
Nunavut,28.16,135000,13
Nunavut,28.4,140000,13
Nunavut,28.81,145000,13
Nunavut,29.2,150000,13
Nunavut,29.56,155000,13
Nunavut,29.9,160000,13
Nunavut,30.23,165000,13
Nunavut,30.52,170000,13
Nunavut,30.81,175000,13
Nunavut,31.08,180000,13
Nunavut,31.34,185000,13
Nunavut,31.58,190000,13
Nunavut,31.8,195000,13
Nunavut,32.03,200000,13
Nunavut,32.33,205000,13
Nunavut,32.61,210000,13
Nunavut,32.89,215000,13
Nunavut,33.16,220000,13
Nunavut,33.41,225000,13
Nunavut,33.65,230000,13
Nunavut,33.88,235000,13
Nunavut,34.1,240000,13
Nunavut,34.31,245000,13
Nunavut,34.52,250000,13
Nunavut,34.72,255000,13
Nunavut,34.9,260000,13
Nunavut,35.08,265000,13
Nunavut,35.26,270000,13
Nunavut,35.43,275000,13
Nunavut,35.59,280000,13
Nunavut,35.75,285000,13
Nunavut,35.9,290000,13
Nunavut,36.04,295000,13
Nunavut,36.18,300000,13
Nunavut,36.32,305000,13
Nunavut,36.45,310000,13
Nunavut,36.58,315000,13
Nunavut,36.7,320000,13
Nunavut,36.82,325000,13
Nunavut,36.93,330000,13
Nunavut,37.06,335000,13
Nunavut,37.16,340000,13
Nunavut,37.27,345000,13
Nunavut,37.37,350000,13
Nunavut,37.47,355000,13
Nunavut,37.57,360000,13
Nunavut,37.66,365000,13
Nunavut,37.75,370000,13
Nunavut,37.85,375000,13
Nunavut,37.93,380000,13
Nunavut,38.02,385000,13
Nunavut,38.1,390000,13
Nunavut,38.19,395000,13
Nunavut,38.26,400000,13
Nunavut,38.34,405000,13
Nunavut,38.41,410000,13
Nunavut,38.49,415000,13
Nunavut,38.56,420000,13
Nunavut,38.63,425000,13
Nunavut,38.7,430000,13
Nunavut,38.76,435000,13
Nunavut,38.83,440000,13
Nunavut,38.9,445000,13
Nunavut,38.95,450000,13
Nunavut,39.01,455000,13
Nunavut,39.08,460000,13
Nunavut,39.13,465000,13
Nunavut,39.19,470000,13
Nunavut,39.25,475000,13
Nunavut,39.3,480000,13
Nunavut,39.36,485000,13
Nunavut,39.41,490000,13
Nunavut,39.46,495000,13
Nunavut,39.51,500000,13
Nova Scotia,4.23,10000,2
Nova Scotia,6.62,11000,2
Nova Scotia,8.62,12000,3
Nova Scotia,10.32,13000,3
Nova Scotia,11.77,14000,3
Nova Scotia,13.02,15000,3
Nova Scotia,14.12,16000,3
Nova Scotia,15.09,17000,3
Nova Scotia,15.96,18000,3
Nova Scotia,16.73,19000,3
Nova Scotia,17.42,20000,3
Nova Scotia,18.05,21000,3
Nova Scotia,18.62,22000,3
Nova Scotia,19.14,23000,4
Nova Scotia,19.62,24000,5
Nova Scotia,20.06,25000,5
Nova Scotia,20.46,26000,5
Nova Scotia,20.84,27000,5
Nova Scotia,21.19,28000,5
Nova Scotia,21.52,29000,5
Nova Scotia,21.91,30000,5
Nova Scotia,22.39,31000,4
Nova Scotia,22.83,32000,4
Nova Scotia,23.26,33000,4
Nova Scotia,23.66,34000,4
Nova Scotia,24.03,35000,4
Nova Scotia,24.39,36000,4
Nova Scotia,24.72,37000,4
Nova Scotia,25.03,38000,4
Nova Scotia,25.33,39000,4
Nova Scotia,25.62,40000,4
Nova Scotia,25.9,41000,4
Nova Scotia,26.16,42000,4
Nova Scotia,26.4,43000,4
Nova Scotia,26.63,44000,4
Nova Scotia,26.86,45000,3
Nova Scotia,27.17,46000,3
Nova Scotia,27.49,47000,2
Nova Scotia,27.79,48000,2
Nova Scotia,28.09,49000,2
Nova Scotia,28.37,50000,2
Nova Scotia,28.63,51000,2
Nova Scotia,28.86,52000,2
Nova Scotia,29.08,53000,2
Nova Scotia,29.29,54000,2
Nova Scotia,29.48,55000,2
Nova Scotia,29.59,56000,2
Nova Scotia,29.69,57000,2
Nova Scotia,29.79,58000,2
Nova Scotia,29.89,59000,2
Nova Scotia,30,60000,2
Nova Scotia,30.55,65000,2
Nova Scotia,31.03,70000,2
Nova Scotia,31.44,75000,2
Nova Scotia,31.8,80000,2
Nova Scotia,32.11,85000,2
Nova Scotia,32.4,90000,2
Nova Scotia,32.92,95000,2
Nova Scotia,33.45,100000,2
Nova Scotia,33.93,105000,2
Nova Scotia,34.36,110000,2
Nova Scotia,34.76,115000,2
Nova Scotia,35.13,120000,2
Nova Scotia,35.46,125000,2
Nova Scotia,35.77,130000,2
Nova Scotia,36.05,135000,2
Nova Scotia,36.32,140000,2
Nova Scotia,36.66,145000,2
Nova Scotia,36.99,150000,2
Nova Scotia,37.41,155000,2
Nova Scotia,37.8,160000,2
Nova Scotia,38.18,165000,2
Nova Scotia,38.52,170000,2
Nova Scotia,38.85,175000,2
Nova Scotia,39.16,180000,2
Nova Scotia,39.46,185000,2
Nova Scotia,39.73,190000,2
Nova Scotia,39.99,195000,2
Nova Scotia,40.25,200000,2
Nova Scotia,40.58,205000,2
Nova Scotia,40.89,210000,2
Nova Scotia,41.2,215000,2
Nova Scotia,41.49,220000,2
Nova Scotia,41.77,225000,2
Nova Scotia,42.04,230000,2
Nova Scotia,42.29,235000,2
Nova Scotia,42.54,240000,2
Nova Scotia,42.77,245000,2
Nova Scotia,43,250000,2
Nova Scotia,43.21,255000,2
Nova Scotia,43.41,260000,2
Nova Scotia,43.61,265000,2
Nova Scotia,43.81,270000,2
Nova Scotia,44,275000,2
Nova Scotia,44.18,280000,2
Nova Scotia,44.35,285000,2
Nova Scotia,44.52,290000,2
Nova Scotia,44.67,295000,2
Nova Scotia,44.83,300000,2
Nova Scotia,44.98,305000,2
Nova Scotia,45.12,310000,2
Nova Scotia,45.27,315000,2
Nova Scotia,45.4,320000,2
Nova Scotia,45.53,325000,2
Nova Scotia,45.66,330000,2
Nova Scotia,45.79,335000,2
Nova Scotia,45.9,340000,2
Nova Scotia,46.03,345000,2
Nova Scotia,46.13,350000,2
Nova Scotia,46.25,355000,2
Nova Scotia,46.36,360000,2
Nova Scotia,46.46,365000,2
Nova Scotia,46.56,370000,2
Nova Scotia,46.67,375000,2
Nova Scotia,46.76,380000,2
Nova Scotia,46.85,385000,2
Nova Scotia,46.95,390000,2
Nova Scotia,47.04,395000,2
Nova Scotia,47.12,400000,2
Nova Scotia,47.21,405000,2
Nova Scotia,47.29,410000,2
Nova Scotia,47.37,415000,2
Nova Scotia,47.45,420000,2
Nova Scotia,47.53,425000,2
Nova Scotia,47.61,430000,2
Nova Scotia,47.67,435000,2
Nova Scotia,47.75,440000,2
Nova Scotia,47.82,445000,2
Nova Scotia,47.88,450000,2
Nova Scotia,47.95,455000,2
Nova Scotia,48.02,460000,2
Nova Scotia,48.08,465000,2
Nova Scotia,48.15,470000,2
Nova Scotia,48.21,475000,2
Nova Scotia,48.27,480000,2
Nova Scotia,48.33,485000,2
Nova Scotia,48.39,490000,2
Nova Scotia,48.44,495000,2
Nova Scotia,48.5,500000,2
Northwest Territories,2.89,10000,9
Northwest Territories,4.61,11000,9
Northwest Territories,6.04,12000,10
Northwest Territories,7.26,13000,11
Northwest Territories,8.3,14000,11
Northwest Territories,9.56,15000,11
Northwest Territories,10.7,16000,11
Northwest Territories,11.7,17000,10
Northwest Territories,12.59,18000,11
Northwest Territories,13.39,19000,11
Northwest Territories,14.11,20000,11
Northwest Territories,14.75,21000,11
Northwest Territories,15.34,22000,11
Northwest Territories,15.88,23000,11
Northwest Territories,16.38,24000,11
Northwest Territories,16.83,25000,12
Northwest Territories,17.24,26000,12
Northwest Territories,17.63,27000,12
Northwest Territories,17.99,28000,12
Northwest Territories,18.34,29000,12
Northwest Territories,18.65,30000,12
Northwest Territories,18.94,31000,12
Northwest Territories,19.21,32000,12
Northwest Territories,19.47,33000,12
Northwest Territories,19.72,34000,12
Northwest Territories,19.95,35000,12
Northwest Territories,20.16,36000,12
Northwest Territories,20.36,37000,12
Northwest Territories,20.55,38000,12
Northwest Territories,20.74,39000,12
Northwest Territories,20.91,40000,12
Northwest Territories,21.08,41000,12
Northwest Territories,21.31,42000,12
Northwest Territories,21.51,43000,12
Northwest Territories,21.72,44000,12
Northwest Territories,21.91,45000,12
Northwest Territories,22.19,46000,12
Northwest Territories,22.48,47000,11
Northwest Territories,22.75,48000,11
Northwest Territories,23.02,49000,11
Northwest Territories,23.28,50000,11
Northwest Territories,23.52,51000,11
Northwest Territories,23.72,52000,11
Northwest Territories,23.92,53000,11
Northwest Territories,24.11,54000,11
Northwest Territories,24.28,55000,11
Northwest Territories,24.37,56000,11
Northwest Territories,24.45,57000,11
Northwest Territories,24.53,58000,11
Northwest Territories,24.61,59000,11
Northwest Territories,24.68,60000,11
Northwest Territories,25.02,65000,11
Northwest Territories,25.31,70000,11
Northwest Territories,25.57,75000,11
Northwest Territories,25.79,80000,11
Northwest Territories,26.11,85000,11
Northwest Territories,26.48,90000,11
Northwest Territories,27.06,95000,11
Northwest Territories,27.62,100000,10
Northwest Territories,28.12,105000,10
Northwest Territories,28.57,110000,10
Northwest Territories,29,115000,10
Northwest Territories,29.38,120000,11
Northwest Territories,29.74,125000,11
Northwest Territories,30.06,130000,11
Northwest Territories,30.38,135000,11
Northwest Territories,30.72,140000,11
Northwest Territories,31.15,145000,11
Northwest Territories,31.54,150000,9
Northwest Territories,31.91,155000,9
Northwest Territories,32.26,160000,9
Northwest Territories,32.59,165000,9
Northwest Territories,32.89,170000,9
Northwest Territories,33.19,175000,9
Northwest Territories,33.46,180000,9
Northwest Territories,33.72,185000,9
Northwest Territories,33.97,190000,9
Northwest Territories,34.2,195000,9
Northwest Territories,34.42,200000,9
Northwest Territories,34.73,205000,9
Northwest Territories,35.02,210000,9
Northwest Territories,35.3,215000,9
Northwest Territories,35.57,220000,9
Northwest Territories,35.82,225000,9
Northwest Territories,36.07,230000,9
Northwest Territories,36.3,235000,9
Northwest Territories,36.52,240000,9
Northwest Territories,36.74,245000,9
Northwest Territories,36.95,250000,9
Northwest Territories,37.14,255000,9
Northwest Territories,37.33,260000,9
Northwest Territories,37.51,265000,9
Northwest Territories,37.69,270000,9
Northwest Territories,37.86,275000,9
Northwest Territories,38.03,280000,9
Northwest Territories,38.19,285000,9
Northwest Territories,38.34,290000,9
Northwest Territories,38.49,295000,9
Northwest Territories,38.63,300000,9
Northwest Territories,38.77,305000,9
Northwest Territories,38.9,310000,9
Northwest Territories,39.03,315000,9
Northwest Territories,39.15,320000,9
Northwest Territories,39.28,325000,9
Northwest Territories,39.39,330000,9
Northwest Territories,39.51,335000,9
Northwest Territories,39.62,340000,9
Northwest Territories,39.73,345000,9
Northwest Territories,39.83,350000,9
Northwest Territories,39.94,355000,9
Northwest Territories,40.04,360000,9
Northwest Territories,40.12,365000,10
Northwest Territories,40.22,370000,10
Northwest Territories,40.32,375000,10
Northwest Territories,40.4,380000,10
Northwest Territories,40.49,385000,10
Northwest Territories,40.57,390000,10
Northwest Territories,40.66,395000,10
Northwest Territories,40.73,400000,10
Northwest Territories,40.81,405000,10
Northwest Territories,40.89,410000,10
Northwest Territories,40.97,415000,10
Northwest Territories,41.04,420000,10
Northwest Territories,41.11,425000,10
Northwest Territories,41.18,430000,10
Northwest Territories,41.24,435000,10
Northwest Territories,41.31,440000,10
Northwest Territories,41.38,445000,10
Northwest Territories,41.43,450000,10
Northwest Territories,41.49,455000,10
Northwest Territories,41.56,460000,10
Northwest Territories,41.62,465000,10
Northwest Territories,41.67,470000,10
Northwest Territories,41.73,475000,10
Northwest Territories,41.79,480000,10
Northwest Territories,41.84,485000,10
Northwest Territories,41.9,490000,10
Northwest Territories,41.94,495000,10
Northwest Territories,42,500000,10
Newfoundland and Labrador,3.81,10000,4
Newfoundland and Labrador,6.15,11000,4
Newfoundland and Labrador,8.09,12000,4
Newfoundland and Labrador,9.75,13000,4
Newfoundland and Labrador,11.16,14000,5
Newfoundland and Labrador,12.38,15000,5
Newfoundland and Labrador,13.45,16000,5
Newfoundland and Labrador,14.4,17000,5
Newfoundland and Labrador,15.24,18000,5
Newfoundland and Labrador,15.99,19000,5
Newfoundland and Labrador,16.67,20000,5
Newfoundland and Labrador,17.28,21000,6
Newfoundland and Labrador,17.84,22000,6
Newfoundland and Labrador,18.34,23000,6
Newfoundland and Labrador,18.82,24000,6
Newfoundland and Labrador,19.24,25000,6
Newfoundland and Labrador,19.63,26000,6
Newfoundland and Labrador,20,27000,6
Newfoundland and Labrador,20.34,28000,6
Newfoundland and Labrador,20.66,29000,6
Newfoundland and Labrador,20.96,30000,6
Newfoundland and Labrador,21.23,31000,6
Newfoundland and Labrador,21.49,32000,6
Newfoundland and Labrador,21.74,33000,7
Newfoundland and Labrador,21.97,34000,7
Newfoundland and Labrador,22.18,35000,7
Newfoundland and Labrador,22.5,36000,7
Newfoundland and Labrador,22.82,37000,7
Newfoundland and Labrador,23.12,38000,7
Newfoundland and Labrador,23.41,39000,7
Newfoundland and Labrador,23.68,40000,7
Newfoundland and Labrador,23.94,41000,7
Newfoundland and Labrador,24.19,42000,6
Newfoundland and Labrador,24.42,43000,6
Newfoundland and Labrador,24.65,44000,6
Newfoundland and Labrador,24.86,45000,6
Newfoundland and Labrador,25.16,46000,6
Newfoundland and Labrador,25.47,47000,6
Newfoundland and Labrador,25.76,48000,6
Newfoundland and Labrador,26.05,49000,6
Newfoundland and Labrador,26.33,50000,6
Newfoundland and Labrador,26.58,51000,6
Newfoundland and Labrador,26.8,52000,6
Newfoundland and Labrador,27.02,53000,6
Newfoundland and Labrador,27.22,54000,6
Newfoundland and Labrador,27.4,55000,7
Newfoundland and Labrador,27.51,56000,7
Newfoundland and Labrador,27.6,57000,7
Newfoundland and Labrador,27.69,58000,7
Newfoundland and Labrador,27.78,59000,7
Newfoundland and Labrador,27.87,60000,7
Newfoundland and Labrador,28.26,65000,7
Newfoundland and Labrador,28.6,70000,7
Newfoundland and Labrador,28.95,75000,7
Newfoundland and Labrador,29.25,80000,7
Newfoundland and Labrador,29.52,85000,7
Newfoundland and Labrador,29.76,90000,7
Newfoundland and Labrador,30.23,95000,7
Newfoundland and Labrador,30.68,100000,6
Newfoundland and Labrador,31.09,105000,6
Newfoundland and Labrador,31.46,110000,6
Newfoundland and Labrador,31.8,115000,6
Newfoundland and Labrador,32.12,120000,6
Newfoundland and Labrador,32.41,125000,6
Newfoundland and Labrador,32.7,130000,6
Newfoundland and Labrador,32.98,135000,6
Newfoundland and Labrador,33.24,140000,6
Newfoundland and Labrador,33.59,145000,7
Newfoundland and Labrador,33.91,150000,7
Newfoundland and Labrador,34.21,155000,7
Newfoundland and Labrador,34.5,160000,7
Newfoundland and Labrador,34.77,165000,7
Newfoundland and Labrador,35.01,170000,7
Newfoundland and Labrador,35.25,175000,7
Newfoundland and Labrador,35.5,180000,7
Newfoundland and Labrador,35.74,185000,7
Newfoundland and Labrador,35.96,190000,7
Newfoundland and Labrador,36.17,195000,7
Newfoundland and Labrador,36.38,200000,7
Newfoundland and Labrador,36.67,205000,7
Newfoundland and Labrador,36.94,210000,7
Newfoundland and Labrador,37.21,215000,7
Newfoundland and Labrador,37.46,220000,7
Newfoundland and Labrador,37.7,225000,7
Newfoundland and Labrador,37.94,230000,7
Newfoundland and Labrador,38.15,235000,7
Newfoundland and Labrador,38.37,240000,7
Newfoundland and Labrador,38.57,245000,6
Newfoundland and Labrador,38.76,250000,7
Newfoundland and Labrador,38.95,255000,6
Newfoundland and Labrador,39.13,260000,6
Newfoundland and Labrador,39.3,265000,6
Newfoundland and Labrador,39.47,270000,6
Newfoundland and Labrador,39.63,275000,6
Newfoundland and Labrador,39.79,280000,6
Newfoundland and Labrador,39.94,285000,6
Newfoundland and Labrador,40.08,290000,6
Newfoundland and Labrador,40.22,295000,6
Newfoundland and Labrador,40.35,300000,6
Newfoundland and Labrador,40.48,305000,6
Newfoundland and Labrador,40.6,310000,6
Newfoundland and Labrador,40.73,315000,6
Newfoundland and Labrador,40.84,320000,6
Newfoundland and Labrador,40.96,325000,6
Newfoundland and Labrador,41.07,330000,6
Newfoundland and Labrador,41.19,335000,6
Newfoundland and Labrador,41.28,340000,6
Newfoundland and Labrador,41.39,345000,6
Newfoundland and Labrador,41.48,350000,6
Newfoundland and Labrador,41.59,355000,6
Newfoundland and Labrador,41.68,360000,6
Newfoundland and Labrador,41.76,365000,6
Newfoundland and Labrador,41.85,370000,6
Newfoundland and Labrador,41.95,375000,6
Newfoundland and Labrador,42.03,380000,6
Newfoundland and Labrador,42.11,385000,6
Newfoundland and Labrador,42.19,390000,6
Newfoundland and Labrador,42.27,395000,6
Newfoundland and Labrador,42.34,400000,6
Newfoundland and Labrador,42.41,405000,6
Newfoundland and Labrador,42.48,410000,6
Newfoundland and Labrador,42.56,415000,6
Newfoundland and Labrador,42.63,420000,6
Newfoundland and Labrador,42.69,425000,6
Newfoundland and Labrador,42.76,430000,6
Newfoundland and Labrador,42.81,435000,6
Newfoundland and Labrador,42.88,440000,6
Newfoundland and Labrador,42.95,445000,6
Newfoundland and Labrador,43,450000,6
Newfoundland and Labrador,43.05,455000,6
Newfoundland and Labrador,43.12,460000,6
Newfoundland and Labrador,43.17,465000,6
Newfoundland and Labrador,43.23,470000,6
Newfoundland and Labrador,43.28,475000,6
Newfoundland and Labrador,43.33,480000,6
Newfoundland and Labrador,43.39,485000,6
Newfoundland and Labrador,43.44,490000,6
Newfoundland and Labrador,43.48,495000,6
Newfoundland and Labrador,43.53,500000,6
New Brunswick,3.12,10000,6
New Brunswick,5.7,11000,5
New Brunswick,7.85,12000,5
New Brunswick,9.67,13000,5
New Brunswick,11.23,14000,4
New Brunswick,12.58,15000,4
New Brunswick,13.77,16000,4
New Brunswick,14.81,17000,4
New Brunswick,15.74,18000,4
New Brunswick,16.57,19000,4
New Brunswick,17.32,20000,4
New Brunswick,17.99,21000,4
New Brunswick,18.61,22000,4
New Brunswick,19.16,23000,3
New Brunswick,19.68,24000,4
New Brunswick,20.15,25000,4
New Brunswick,20.59,26000,4
New Brunswick,20.99,27000,4
New Brunswick,21.37,28000,4
New Brunswick,21.72,29000,4
New Brunswick,22.05,30000,4
New Brunswick,22.35,31000,5
New Brunswick,22.64,32000,5
New Brunswick,22.91,33000,5
New Brunswick,23.16,34000,5
New Brunswick,23.4,35000,5
New Brunswick,23.63,36000,5
New Brunswick,23.84,37000,5
New Brunswick,24.03,38000,5
New Brunswick,24.23,39000,5
New Brunswick,24.41,40000,5
New Brunswick,24.65,41000,5
New Brunswick,24.94,42000,5
New Brunswick,25.2,43000,5
New Brunswick,25.46,44000,5
New Brunswick,25.72,45000,5
New Brunswick,26.04,46000,5
New Brunswick,26.38,47000,5
New Brunswick,26.71,48000,5
New Brunswick,27.02,49000,5
New Brunswick,27.33,50000,5
New Brunswick,27.61,51000,5
New Brunswick,27.85,52000,5
New Brunswick,28.09,53000,5
New Brunswick,28.32,54000,5
New Brunswick,28.52,55000,5
New Brunswick,28.65,56000,5
New Brunswick,28.76,57000,5
New Brunswick,28.87,58000,5
New Brunswick,28.98,59000,5
New Brunswick,29.09,60000,5
New Brunswick,29.56,65000,5
New Brunswick,29.98,70000,5
New Brunswick,30.34,75000,5
New Brunswick,30.65,80000,5
New Brunswick,31,85000,5
New Brunswick,31.34,90000,5
New Brunswick,31.9,95000,5
New Brunswick,32.43,100000,5
New Brunswick,32.91,105000,5
New Brunswick,33.34,110000,5
New Brunswick,33.74,115000,5
New Brunswick,34.11,120000,5
New Brunswick,34.45,125000,5
New Brunswick,34.75,130000,5
New Brunswick,35.07,135000,5
New Brunswick,35.38,140000,5
New Brunswick,35.78,145000,5
New Brunswick,36.15,150000,5
New Brunswick,36.57,155000,5
New Brunswick,36.97,160000,5
New Brunswick,37.34,165000,4
New Brunswick,37.69,170000,4
New Brunswick,38.02,175000,4
New Brunswick,38.34,180000,3
New Brunswick,38.64,185000,3
New Brunswick,38.92,190000,3
New Brunswick,39.18,195000,3
New Brunswick,39.43,200000,3
New Brunswick,39.77,205000,3
New Brunswick,40.09,210000,3
New Brunswick,40.4,215000,3
New Brunswick,40.69,220000,3
New Brunswick,40.97,225000,3
New Brunswick,41.25,230000,3
New Brunswick,41.5,235000,3
New Brunswick,41.74,240000,3
New Brunswick,41.98,245000,3
New Brunswick,42.21,250000,3
New Brunswick,42.42,255000,3
New Brunswick,42.63,260000,3
New Brunswick,42.83,265000,3
New Brunswick,43.03,270000,3
New Brunswick,43.22,275000,3
New Brunswick,43.4,280000,3
New Brunswick,43.57,285000,3
New Brunswick,43.74,290000,3
New Brunswick,43.9,295000,3
New Brunswick,44.05,300000,3
New Brunswick,44.21,305000,3
New Brunswick,44.35,310000,3
New Brunswick,44.5,315000,3
New Brunswick,44.63,320000,3
New Brunswick,44.77,325000,3
New Brunswick,44.89,330000,3
New Brunswick,45.03,335000,3
New Brunswick,45.14,340000,3
New Brunswick,45.26,345000,3
New Brunswick,45.37,350000,3
New Brunswick,45.49,355000,3
New Brunswick,45.6,360000,3
New Brunswick,45.7,365000,3
New Brunswick,45.8,370000,3
New Brunswick,45.91,375000,3
New Brunswick,46,380000,3
New Brunswick,46.1,385000,3
New Brunswick,46.19,390000,3
New Brunswick,46.28,395000,3
New Brunswick,46.36,400000,3
New Brunswick,46.45,405000,3
New Brunswick,46.53,410000,3
New Brunswick,46.62,415000,3
New Brunswick,46.7,420000,3
New Brunswick,46.78,425000,3
New Brunswick,46.85,430000,3
New Brunswick,46.92,435000,3
New Brunswick,47,440000,3
New Brunswick,47.07,445000,3
New Brunswick,47.14,450000,3
New Brunswick,47.2,455000,3
New Brunswick,47.27,460000,3
New Brunswick,47.34,465000,3
New Brunswick,47.4,470000,3
New Brunswick,47.46,475000,3
New Brunswick,47.52,480000,3
New Brunswick,47.58,485000,3
New Brunswick,47.64,490000,3
New Brunswick,47.69,495000,3
New Brunswick,47.75,500000,3
Manitoba,3.83,10000,3
Manitoba,6.44,11000,3
Manitoba,8.62,12000,2
Manitoba,10.47,13000,2
Manitoba,12.05,14000,2
Manitoba,13.42,15000,2
Manitoba,14.62,16000,2
Manitoba,15.69,17000,2
Manitoba,16.63,18000,2
Manitoba,17.47,19000,2
Manitoba,18.23,20000,2
Manitoba,18.91,21000,2
Manitoba,19.54,22000,2
Manitoba,20.1,23000,2
Manitoba,20.63,24000,1
Manitoba,21.1,25000,1
Manitoba,21.55,26000,1
Manitoba,21.96,27000,1
Manitoba,22.34,28000,1
Manitoba,22.7,29000,1
Manitoba,23.03,30000,1
Manitoba,23.34,31000,2
Manitoba,23.69,32000,2
Manitoba,24.02,33000,2
Manitoba,24.33,34000,2
Manitoba,24.62,35000,2
Manitoba,24.9,36000,2
Manitoba,25.16,37000,2
Manitoba,25.4,38000,2
Manitoba,25.64,39000,2
Manitoba,25.86,40000,2
Manitoba,26.08,41000,2
Manitoba,26.28,42000,2
Manitoba,26.47,43000,3
Manitoba,26.65,44000,3
Manitoba,26.83,45000,4
Manitoba,27.09,46000,4
Manitoba,27.36,47000,4
Manitoba,27.63,48000,4
Manitoba,27.88,49000,4
Manitoba,28.13,50000,4
Manitoba,28.35,51000,4
Manitoba,28.54,52000,4
Manitoba,28.73,53000,4
Manitoba,28.9,54000,4
Manitoba,29.06,55000,4
Manitoba,29.14,56000,4
Manitoba,29.21,57000,4
Manitoba,29.28,58000,4
Manitoba,29.34,59000,4
Manitoba,29.41,60000,4
Manitoba,29.7,65000,4
Manitoba,30.16,70000,4
Manitoba,30.67,75000,4
Manitoba,31.13,80000,4
Manitoba,31.52,85000,4
Manitoba,31.88,90000,4
Manitoba,32.46,95000,4
Manitoba,33,100000,4
Manitoba,33.5,105000,4
Manitoba,33.94,110000,4
Manitoba,34.36,115000,4
Manitoba,34.74,120000,3
Manitoba,35.08,125000,3
Manitoba,35.4,130000,3
Manitoba,35.69,135000,3
Manitoba,35.97,140000,3
Manitoba,36.32,145000,3
Manitoba,36.66,150000,3
Manitoba,36.97,155000,3
Manitoba,37.27,160000,3
Manitoba,37.55,165000,3
Manitoba,37.8,170000,3
Manitoba,38.05,175000,3
Manitoba,38.29,180000,4
Manitoba,38.51,185000,4
Manitoba,38.71,190000,4
Manitoba,38.91,195000,4
Manitoba,39.1,200000,4
Manitoba,39.37,205000,4
Manitoba,39.63,210000,4
Manitoba,39.88,215000,4
Manitoba,40.12,220000,4
Manitoba,40.35,225000,4
Manitoba,40.57,230000,4
Manitoba,40.78,235000,4
Manitoba,40.98,240000,4
Manitoba,41.17,245000,4
Manitoba,41.36,250000,4
Manitoba,41.53,255000,4
Manitoba,41.7,260000,4
Manitoba,41.86,265000,4
Manitoba,42.03,270000,4
Manitoba,42.18,275000,4
Manitoba,42.33,280000,4
Manitoba,42.47,285000,4
Manitoba,42.61,290000,4
Manitoba,42.73,295000,4
Manitoba,42.86,300000,4
Manitoba,42.99,305000,4
Manitoba,43.1,310000,4
Manitoba,43.23,315000,4
Manitoba,43.33,320000,4
Manitoba,43.44,325000,4
Manitoba,43.54,330000,4
Manitoba,43.66,335000,4
Manitoba,43.75,340000,4
Manitoba,43.85,345000,4
Manitoba,43.94,350000,4
Manitoba,44.03,355000,4
Manitoba,44.12,360000,4
Manitoba,44.2,365000,4
Manitoba,44.29,370000,4
Manitoba,44.37,375000,4
Manitoba,44.45,380000,4
Manitoba,44.53,385000,4
Manitoba,44.6,390000,4
Manitoba,44.68,395000,4
Manitoba,44.74,400000,4
Manitoba,44.82,405000,4
Manitoba,44.88,410000,4
Manitoba,44.96,415000,4
Manitoba,45.02,420000,4
Manitoba,45.08,425000,4
Manitoba,45.15,430000,4
Manitoba,45.2,435000,4
Manitoba,45.26,440000,4
Manitoba,45.32,445000,4
Manitoba,45.37,450000,4
Manitoba,45.43,455000,4
Manitoba,45.49,460000,4
Manitoba,45.54,465000,4
Manitoba,45.59,470000,4
Manitoba,45.64,475000,4
Manitoba,45.69,480000,4
Manitoba,45.74,485000,4
Manitoba,45.79,490000,4
Manitoba,45.83,495000,4
Manitoba,45.88,500000,4
British Columbia,2.89,10000,8
British Columbia,5.06,11000,6
British Columbia,6.87,12000,7
British Columbia,8.42,13000,6
British Columbia,9.74,14000,6
British Columbia,10.88,15000,6
British Columbia,11.88,16000,6
British Columbia,12.77,17000,7
British Columbia,13.55,18000,8
British Columbia,14.25,19000,8
British Columbia,14.88,20000,8
British Columbia,15.45,21000,10
British Columbia,15.97,22000,10
British Columbia,16.44,23000,10
British Columbia,16.89,24000,10
British Columbia,17.28,25000,10
British Columbia,17.65,26000,10
British Columbia,17.99,27000,10
British Columbia,18.31,28000,11
British Columbia,18.61,29000,11
British Columbia,18.89,30000,11
British Columbia,19.14,31000,11
British Columbia,19.38,32000,11
British Columbia,19.61,33000,11
British Columbia,19.83,34000,11
British Columbia,20.03,35000,11
British Columbia,20.22,36000,11
British Columbia,20.4,37000,11
British Columbia,20.56,38000,11
British Columbia,20.78,39000,11
British Columbia,21,40000,11
British Columbia,21.21,41000,11
British Columbia,21.41,42000,11
British Columbia,21.59,43000,11
British Columbia,21.77,44000,11
British Columbia,21.95,45000,11
British Columbia,22.2,46000,11
British Columbia,22.47,47000,12
British Columbia,22.73,48000,12
British Columbia,22.99,49000,12
British Columbia,23.23,50000,12
British Columbia,23.45,51000,12
British Columbia,23.63,52000,12
British Columbia,23.82,53000,12
British Columbia,23.99,54000,12
British Columbia,24.14,55000,12
British Columbia,24.22,56000,12
British Columbia,24.29,57000,12
British Columbia,24.36,58000,12
British Columbia,24.42,59000,12
British Columbia,24.48,60000,12
British Columbia,24.77,65000,12
British Columbia,25.01,70000,12
British Columbia,25.23,75000,12
British Columbia,25.54,80000,12
British Columbia,25.86,85000,12
British Columbia,26.19,90000,12
British Columbia,26.8,95000,12
British Columbia,27.37,100000,12
British Columbia,27.89,105000,12
British Columbia,28.43,110000,11
British Columbia,28.97,115000,11
British Columbia,29.46,120000,10
British Columbia,29.91,125000,10
British Columbia,30.32,130000,9
British Columbia,30.71,135000,8
British Columbia,31.06,140000,8
British Columbia,31.49,145000,8
British Columbia,31.9,150000,8
British Columbia,32.28,155000,8
British Columbia,32.64,160000,8
British Columbia,32.98,165000,8
British Columbia,33.29,170000,8
British Columbia,33.59,175000,8
British Columbia,33.87,180000,8
British Columbia,34.14,185000,8
British Columbia,34.39,190000,8
British Columbia,34.62,195000,8
British Columbia,34.85,200000,8
British Columbia,35.17,205000,8
British Columbia,35.46,210000,8
British Columbia,35.74,215000,8
British Columbia,36.02,220000,8
British Columbia,36.28,225000,8
British Columbia,36.53,230000,8
British Columbia,36.76,235000,8
British Columbia,36.99,240000,8
British Columbia,37.21,245000,8
British Columbia,37.42,250000,8
British Columbia,37.62,255000,8
British Columbia,37.81,260000,8
British Columbia,38,265000,8
British Columbia,38.18,270000,8
British Columbia,38.36,275000,8
British Columbia,38.53,280000,8
British Columbia,38.69,285000,8
British Columbia,38.84,290000,8
British Columbia,38.99,295000,8
British Columbia,39.13,300000,8
British Columbia,39.27,305000,8
British Columbia,39.41,310000,8
British Columbia,39.55,315000,8
British Columbia,39.66,320000,8
British Columbia,39.79,325000,8
British Columbia,39.91,330000,8
British Columbia,40.03,335000,8
British Columbia,40.14,340000,8
British Columbia,40.25,345000,8
British Columbia,40.35,350000,8
British Columbia,40.46,355000,8
British Columbia,40.56,360000,8
British Columbia,40.65,365000,8
British Columbia,40.75,370000,8
British Columbia,40.85,375000,8
British Columbia,40.94,380000,8
British Columbia,41.03,385000,8
British Columbia,41.11,390000,8
British Columbia,41.2,395000,8
British Columbia,41.27,400000,8
British Columbia,41.36,405000,8
British Columbia,41.43,410000,8
British Columbia,41.51,415000,8
British Columbia,41.58,420000,8
British Columbia,41.66,425000,8
British Columbia,41.73,430000,8
British Columbia,41.79,435000,8
British Columbia,41.86,440000,8
British Columbia,41.93,445000,8
British Columbia,41.99,450000,8
British Columbia,42.05,455000,8
British Columbia,42.12,460000,8
British Columbia,42.17,465000,8
British Columbia,42.23,470000,8
British Columbia,42.29,475000,8
British Columbia,42.35,480000,8
British Columbia,42.4,485000,8
British Columbia,42.46,490000,8
British Columbia,42.51,495000,8
British Columbia,42.56,500000,8
Alberta,2.89,10000,7
Alberta,4.61,11000,8
Alberta,6.04,12000,9
Alberta,7.26,13000,10
Alberta,8.3,14000,10
Alberta,9.2,15000,12
Alberta,9.99,16000,13
Alberta,10.69,17000,13
Alberta,11.31,18000,13
Alberta,12.15,19000,13
Alberta,13.13,20000,13
Alberta,14.02,21000,13
Alberta,14.83,22000,13
Alberta,15.57,23000,12
Alberta,16.25,24000,12
Alberta,16.87,25000,11
Alberta,17.44,26000,11
Alberta,17.98,27000,11
Alberta,18.47,28000,10
Alberta,18.94,29000,10
Alberta,19.37,30000,10
Alberta,19.77,31000,9
Alberta,20.14,32000,9
Alberta,20.5,33000,9
Alberta,20.83,34000,8
Alberta,21.15,35000,8
Alberta,21.44,36000,8
Alberta,21.72,37000,8
Alberta,21.98,38000,8
Alberta,22.24,39000,8
Alberta,22.48,40000,8
Alberta,22.71,41000,8
Alberta,22.93,42000,8
Alberta,23.13,43000,8
Alberta,23.33,44000,8
Alberta,23.52,45000,8
Alberta,23.79,46000,8
Alberta,24.07,47000,8
Alberta,24.35,48000,8
Alberta,24.61,49000,8
Alberta,24.87,50000,8
Alberta,25.1,51000,8
Alberta,25.3,52000,8
Alberta,25.5,53000,8
Alberta,25.68,54000,8
Alberta,25.85,55000,8
Alberta,25.94,56000,8
Alberta,26.01,57000,8
Alberta,26.09,58000,8
Alberta,26.16,59000,8
Alberta,26.23,60000,8
Alberta,26.56,65000,8
Alberta,26.84,70000,8
Alberta,27.09,75000,8
Alberta,27.3,80000,8
Alberta,27.49,85000,8
Alberta,27.66,90000,8
Alberta,28.07,95000,8
Alberta,28.46,100000,8
Alberta,28.82,105000,8
Alberta,29.14,110000,8
Alberta,29.45,115000,9
Alberta,29.72,120000,9
Alberta,29.97,125000,9
Alberta,30.28,130000,10
Alberta,30.56,135000,10
Alberta,30.83,140000,10
Alberta,31.17,145000,9
Alberta,31.5,150000,10
Alberta,31.84,155000,10
Alberta,32.16,160000,10
Alberta,32.46,165000,10
Alberta,32.73,170000,10
Alberta,33,175000,10
Alberta,33.25,180000,10
Alberta,33.49,185000,10
Alberta,33.71,190000,10
Alberta,33.92,195000,10
Alberta,34.13,200000,10
Alberta,34.44,205000,10
Alberta,34.73,210000,10
Alberta,35.02,215000,10
Alberta,35.29,220000,10
Alberta,35.55,225000,10
Alberta,35.81,230000,10
Alberta,36.04,235000,10
Alberta,36.27,240000,10
Alberta,36.49,245000,10
Alberta,36.7,250000,10
Alberta,36.9,255000,10
Alberta,37.09,260000,10
Alberta,37.28,265000,10
Alberta,37.46,270000,10
Alberta,37.64,275000,10
Alberta,37.81,280000,10
Alberta,37.97,285000,10
Alberta,38.12,290000,10
Alberta,38.27,295000,10
Alberta,38.41,300000,10
Alberta,38.57,305000,10
Alberta,38.72,310000,10
Alberta,38.88,315000,10
Alberta,39.01,320000,10
Alberta,39.15,325000,10
Alberta,39.28,330000,10
Alberta,39.42,335000,10
Alberta,39.54,340000,10
Alberta,39.67,345000,10
Alberta,39.78,350000,10
Alberta,39.91,355000,10
Alberta,40.02,360000,10
Alberta,40.12,365000,9
Alberta,40.23,370000,9
Alberta,40.34,375000,9
Alberta,40.44,380000,9
Alberta,40.53,385000,9
Alberta,40.63,390000,9
Alberta,40.72,395000,9
Alberta,40.81,400000,9
Alberta,40.9,405000,9
Alberta,40.98,410000,9
Alberta,41.08,415000,9
Alberta,41.16,420000,9
Alberta,41.24,425000,9
Alberta,41.32,430000,9
Alberta,41.39,435000,9
Alberta,41.47,440000,9
Alberta,41.54,445000,9
Alberta,41.61,450000,9
Alberta,41.68,455000,9
Alberta,41.75,460000,9
Alberta,41.82,465000,9
Alberta,41.88,470000,9
Alberta,41.95,475000,9
Alberta,42.01,480000,9
Alberta,42.07,485000,9
Alberta,42.14,490000,9
Alberta,42.19,495000,9
Alberta,42.25,500000,9